State,Date,Time,Cumulative case count,Cumulative deaths
South Australia,23/01/2020,,0,
Victoria,25/01/2020,,1,
New South Western Australiales,25/01/2020,,3,
New South Western Australiales,27/01/2020,,4,
Queensland,28/01/2020,,0,
South Australia,29/01/2020,,0,
Queensland,29/01/2020,,1,
Victoria,29/01/2020,,2,
Queensland,30/01/2020,,2,
Victoria,30/01/2020,,3,
New South Western Australiales,30/01/2020,,4,
South Australia,31/01/2020,,0,
New South Western Australiales,31/01/2020,,4,
South Australia,1/02/2020,,0,
New South Western Australiales,1/02/2020,,4,
Victoria,1/02/2020,,4,
South Australia,2/02/2020,,2,
New South Western Australiales,2/02/2020,,4,
South Australia,3/02/2020,,2,
New South Western Australiales,3/02/2020,,4,
South Australia,4/02/2020,,2,
Queensland,4/02/2020,,3,
New South Western Australiales,4/02/2020,,4,
New South Western Australiales,5/02/2020,,4,
Queensland,5/02/2020,,4,
New South Western Australiales,6/02/2020,,4,
Queensland,6/02/2020,,5,
New South Western Australiales,7/02/2020,,4,
New South Western Australiales,8/02/2020,,4,
New South Western Australiales,9/02/2020,,4,
New South Western Australiales,10/02/2020,,4,
New South Western Australiales,11/02/2020,,4,
New South Western Australiales,12/02/2020,,4,
New South Western Australiales,13/02/2020,,4,
New South Western Australiales,14/02/2020,,4,
New South Western Australiales,16/02/2020,,4,
New South Western Australiales,17/02/2020,,4,
New South Western Australiales,18/02/2020,,4,
New South Western Australiales,19/02/2020,,4,
South Australia,20/02/2020,,2,
New South Western Australiales,20/02/2020,,4,
Western Australia,21/02/2020,,1,
New South Western Australiales,21/02/2020,,4,
New South Western Australiales,22/02/2020,,4,
Queensland,22/02/2020,,7,
New South Western Australiales,23/02/2020,,4,
South Australia,24/02/2020,,3,
New South Western Australiales,24/02/2020,,4,
New South Western Australiales,25/02/2020,,4,
Queensland,25/02/2020,,8,
New South Western Australiales,26/02/2020,,4,
Western Australia,28/02/2020,,2,
Queensland,29/02/2020,,9,
New South Western Australiales,1/03/2020,,5,
New South Western Australiales,1/03/2020,,6,
Victoria,1/03/2020,,9,
Western Australia,1/03/2020,,,1
South Australia,3/03/2020,,3,
New South Western Australiales,3/03/2020,,9,
Queensland,3/03/2020,,10,
New South Western Australiales,3/03/2020,,15,
New South Western Australiales,3/03/2020,,,1
South Australia,4/03/2020,,5,
Victoria,4/03/2020,,10,
Queensland,4/03/2020,,11,
New South Western Australiales,4/03/2020,,16,1
New South Western Australiales,4/03/2020,,22,1
Western Australia,5/03/2020,,3,
South Australia,5/03/2020,,7,
Queensland,5/03/2020,,13,
New South Western Australiales,5/03/2020,,22,1
New South Western Australiales,5/03/2020,,25,1
Tasmania,6/03/2020,,1,
South Australia,6/03/2020,,7,
Queensland,6/03/2020,,14,
New South Western Australiales,6/03/2020,,28,1
Victoria,7/03/2020,,11,
New South Western Australiales,7/03/2020,,34,1
New South Western Australiales,7/03/2020,21:00,36,1
Tasmania,8/03/2020,,2,
Western Australia,8/03/2020,,4,
Victoria,8/03/2020,,12,
Queensland,8/03/2020,,15,
New South Western Australiales,8/03/2020,9:00,38,1
New South Western Australiales,8/03/2020,,40,2
Tasmania,9/03/2020,,2,
Western Australia,9/03/2020,,6,
Victoria,9/03/2020,,15,
New South Western Australiales,9/03/2020,14:00,47,2
South Australia,10/03/2020,,7,
Queensland,10/03/2020,,18,
Victoria,10/03/2020,,18,
New South Western Australiales,10/03/2020,7:00,55,2
New South Western Australiales,10/03/2020,20:00,61,2
Tasmania,11/03/2020,,3,
South Australia,11/03/2020,,9,
Western Australia,11/03/2020,,9,
Queensland,11/03/2020,,20,
Victoria,11/03/2020,,21,
New South Western Australiales,11/03/2020,13:42,65,2
Australian Capital Territory,12/03/2020,,1,
Tasmania,12/03/2020,,3,
South Australia,12/03/2020,,12,
Queensland,12/03/2020,,27,
Victoria,12/03/2020,,27,
New South Western Australiales,12/03/2020,13:00,78,2
Australian Capital Territory,13/03/2020,,1,
Tasmania,13/03/2020,,4,
Western Australia,13/03/2020,,14,
South Australia,13/03/2020,,16,
Queensland,13/03/2020,,35,
Victoria,13/03/2020,,36,
New South Western Australiales,13/03/2020,11:00,92,3
Australian Capital Territory,14/03/2020,,1,
Tasmania,14/03/2020,,5,
South Australia,14/03/2020,,19,
Queensland,14/03/2020,,46,
Victoria,14/03/2020,17:02,49,
New South Western Australiales,14/03/2020,11:00,112,4
Northern Territory,15/03/2020,11:57,0,
Tasmania,15/03/2020,10:30,6,
Tasmania,15/03/2020,,7,
South Australia,15/03/2020,,20,
Victoria,15/03/2020,11:01,57,
Queensland,15/03/2020,16.44,61,
New South Western Australiales,15/03/2020,11:00,134,4
New South Western Australiales,15/03/2020,,134,4
Australian Capital Territory,16/03/2020,8:19,2,
Western Australia,16/03/2020,12:30,28,1
South Australia,16/03/2020,,29,
Queensland,16/03/2020,16:58,68,
Victoria,16/03/2020,14:33,71,
New South Western Australiales,16/03/2020,11:00,171,4
Tasmania,17/03/2020,,7,
Western Australia,17/03/2020,13:00,31,1
South Australia,17/03/2020,,32,
Queensland,17/03/2020,18:31,78,
Victoria,17/03/2020,14:25,94,
New South Western Australiales,17/03/2020,11:00,210,4
New South Western Australiales,17/03/2020,,,5
Northern Territory,18/03/2020,,0,
Australian Capital Territory,18/03/2020,8:03,3,
Australian Capital Territory,18/03/2020,,3,
Tasmania,18/03/2020,,10,
Western Australia,18/03/2020,,35,1
South Australia,18/03/2020,,37,
Queensland,18/03/2020,,94,
Victoria,18/03/2020,13:45,121,
New South Western Australiales,18/03/2020,11:00,267,5
Australian Capital Territory,19/03/2020,14:19,4,
Tasmania,19/03/2020,,10,
South Australia,19/03/2020,17:00,42,
Western Australia,19/03/2020,18:10,52,1
Queensland,19/03/2020,,144,
Victoria,19/03/2020,14:46,150,
New South Western Australiales,19/03/2020,12:30,307,6
New South Western Australiales,19/03/2020,,353,
Northern Territory,20/03/2020,14:00,2,
Northern Territory,20/03/2020,,3,
Australian Capital Territory,20/03/2020,15:38,6,
South Australia,20/03/2020,19:15,50,
Western Australia,20/03/2020,,64,
Victoria,20/03/2020,17:32,178,
Queensland,20/03/2020,17:24,184,
New South Western Australiales,20/03/2020,,382,
New South Western Australiales,20/03/2020,13:28,436,
Northern Territory,21/03/2020,,5,
Australian Capital Territory,21/03/2020,11:19,9,
Tasmania,21/03/2020,12,16,
South Australia,21/03/2020,20:12,57,
Western Australia,21/03/2020,17.35,90,
Queensland,21/03/2020,,221,
Queensland,21/03/2020,12:05,221,
Victoria,21/03/2020,14.25,229,
New South Western Australiales,21/03/2020,13:00,533,
Australian Capital Territory,22/03/2020,13:20,19,
Tasmania,22/03/2020,21:07,22,
South Australia,22/03/2020,20:45,100,
Western Australia,22/03/2020,15:30,120,
Queensland,22/03/2020,17:30,259,
Victoria,22/03/2020,13:10,296,
New South Western Australiales,22/03/2020,8:15,669,
Tasmania,23/03/2020,21:08,28,
Australian Capital Territory,23/03/2020,15:15,32,
South Australia,23/03/2020,15:00,134,
Western Australia,23/03/2020,15:00,140,
Queensland,23/03/2020,10:00,319,
Victoria,23/03/2020,14:15,355,
New South Western Australiales,23/03/2020,15:00,704,
New South Western Australiales,23/03/2020,8:07,818,7
Northern Territory,24/03/2020,10:50,6,
Australian Capital Territory,24/03/2020,13:05,39,
South Australia,24/03/2020,17:36,170,
Western Australia,24/03/2020,17:36,175,
Queensland,24/03/2020,17:36,397,
Victoria,24/03/2020,13:06,411,
New South Western Australiales,24/03/2020,17:36,913,
New South Western Australiales,24/03/2020,20:00,1029,
Northern Territory,25/03/2020,17:12,5,
Northern Territory,25/03/2020,19:51,6,
Tasmania,25/03/2020,17:12,34,
Tasmania,25/03/2020,19:55,42,
Australian Capital Territory,25/03/2020,17:12,44,
South Australia,25/03/2020,17:12,197,
Western Australia,25/03/2020,17:12,205,
Queensland,25/03/2020,17:12,443,
Victoria,25/03/2020,17:12,466,
New South Western Australiales,25/03/2020,17:12,1029,
New South Western Australiales,25/03/2020,20:00,1219,
Queensland,25/03/2020,,,1
Northern Territory,26/03/2020,21:57,12,
Tasmania,26/03/2020,19:35,47,
Australian Capital Territory,26/03/2020,13:19,53,
Western Australia,26/03/2020,,231,2
South Australia,26/03/2020,,235,
Queensland,26/03/2020,,493,
Victoria,26/03/2020,14:05,520,2
New South Western Australiales,26/03/2020,8:34,1405,
New South Western Australiales,26/03/2020,20:00,1405,
Tasmania,27/03/2020,22:15,58,
Australian Capital Territory,27/03/2020,12:18,62,
Western Australia,27/03/2020,15:00,255,
South Australia,27/03/2020,15:00,257,
Queensland,27/03/2020,16:30,555,
Victoria,27/03/2020,15:04,574,3
New South Western Australiales,27/03/2020,23:00,1617,8
Northern Territory,28/03/2020,,14,
Tasmania,28/03/2020,,58,
Australian Capital Territory,28/03/2020,13:31,71,
Western Australia,28/03/2020,,278,
South Australia,28/03/2020,,287,
Queensland,28/03/2020,23:00,625,
Victoria,28/03/2020,23:00,685,4
New South Western Australiales,28/03/2020,20:00,1791,
Tasmania,29/03/2020,12:00,62,
Tasmania,29/03/2020,,66,
Australian Capital Territory,29/03/2020,12:15,77,
South Australia,29/03/2020,16:50,299,
Western Australia,29/03/2020,18:56,311,
Queensland,29/03/2020,11:30,656,2
Victoria,29/03/2020,13:07,769,
New South Western Australiales,29/03/2020,20:00,1918,
Australian Capital Territory,30/03/2020,13:45,78,1
South Australia,30/03/2020,20:15,305,
Western Australia,30/03/2020,,355,
Queensland,30/03/2020,16:57,689,
Victoria,30/03/2020,8:40,821,
Victoria,30/03/2020,13:53,821,4
New South Western Australiales,30/03/2020,,2032,
Tasmania,30/03/2020,6:00,,1
Northern Territory,31/03/2020,,16,
Tasmania,31/03/2020,,68,2
Australian Capital Territory,31/03/2020,13:45,80,
South Australia,31/03/2020,,337,
Western Australia,31/03/2020,,364,
Queensland,31/03/2020,11:15,743,
Victoria,31/03/2020,14:00,917,
New South Western Australiales,31/03/2020,20:00,2182,9
Northern Territory,1/04/2020,15:00,18,
Tasmania,1/04/2020,,71,
Australian Capital Territory,1/04/2020,12:21,84,1
South Australia,1/04/2020,15:00,367,
Western Australia,1/04/2020,14:40,392,
Queensland,1/04/2020,,781,
Victoria,1/04/2020,11:39,968,5
New South Western Australiales,1/04/2020,23:00,2298,10
Northern Territory,2/04/2020,18:45,20,
Tasmania,2/04/2020,18:45,74,
Australian Capital Territory,2/04/2020,12:00,87,
Australian Capital Territory,2/04/2020,18:45,88,
South Australia,2/04/2020,18:45,385,
Western Australia,2/04/2020,18:45,400,
Queensland,2/04/2020,10:56,781,3
Queensland,2/04/2020,15:00,835,
Victoria,2/04/2020,23:00,1036,6
New South Western Australiales,2/04/2020,20:00,2389,12
Northern Territory,3/04/2020,0:58,22,
Tasmania,3/04/2020,17:45,80,
Australian Capital Territory,3/04/2020,14:45,91,
South Australia,3/04/2020,16:45,396,
Western Australia,3/04/2020,15:45,422,3
Queensland,3/04/2020,10:09,873,
Victoria,3/04/2020,8:40,1085,7
New South Western Australiales,3/04/2020,18:45,2493,
Northern Territory,4/04/2020,,25,
Tasmania,4/04/2020,,82,
Australian Capital Territory,4/04/2020,13:59,93,2
South Australia,4/04/2020,,407,
Western Australia,4/04/2020,,436,
Queensland,4/04/2020,19:45,900,
Victoria,4/04/2020,20:45,1115,8
New South Western Australiales,4/04/2020,20:00,2580,16
Tasmania,5/04/2020,11:30,86,
Australian Capital Territory,5/04/2020,13:00,96,
South Australia,5/04/2020,16:20,409,
Western Australia,5/04/2020,15:40,453,
Queensland,5/04/2020,11:00,907,
Victoria,5/04/2020,10:50,1135,
New South Western Australiales,5/04/2020,20:00,2637,19
Queensland,5/04/2020,17:30,,4
Northern Territory,6/04/2020,6:00,26,
Northern Territory,6/04/2020,,27,
Tasmania,6/04/2020,9:22,89,
Australian Capital Territory,6/04/2020,,96,
South Australia,6/04/2020,,411,
Western Australia,6/04/2020,14:50,460,4
Queensland,6/04/2020,15:10,921,
Victoria,6/04/2020,12:15,1158,10
New South Western Australiales,6/04/2020,20:00,2686,21
South Australia,6/04/2020,9:00,,1
Australian Capital Territory,7/04/2020,13:54,97,
Tasmania,7/04/2020,,98,3
Western Australia,7/04/2020,14:00,470,6
Queensland,7/04/2020,16:27,934,
Victoria,7/04/2020,8:40,1191,11
New South Western Australiales,7/04/2020,20:00,2734,
Northern Territory,8/04/2020,16:00,28,
Australian Capital Territory,8/04/2020,13:30,99,
Tasmania,8/04/2020,,107,
South Australia,8/04/2020,6:00,415,2
Western Australia,8/04/2020,17:00,481,
Queensland,8/04/2020,14:17,943,
Victoria,8/04/2020,9:00,1212,12
New South Western Australiales,8/04/2020,20:00,2773,
Australian Capital Territory,9/04/2020,13:45,100,
Tasmania,9/04/2020,8:45,107,
South Australia,9/04/2020,8:00,420,3
South Australia,9/04/2020,17:15,421,
Western Australia,9/04/2020,17:15,495,
Queensland,9/04/2020,13:30,953,
Victoria,9/04/2020,11:10,1228,
New South Western Australiales,9/04/2020,14:24,2822,22
Australian Capital Territory,10/04/2020,12:20,102,
Tasmania,10/04/2020,,111,4
South Australia,10/04/2020,16:35,427,
Western Australia,10/04/2020,17:35,506,
Queensland,10/04/2020,15:35,965,
Victoria,10/04/2020,12:20,1241,13
New South Western Australiales,10/04/2020,20:00,2847,23
Tasmania,11/04/2020,10:00,122,4
South Australia,11/04/2020,10:00,428,
South Australia,11/04/2020,17:50,429,3
Western Australia,11/04/2020,17:50,514,6
Queensland,11/04/2020,10:00,972,4
Queensland,11/04/2020,15:30,974,4
Victoria,11/04/2020,10:00,1265,14
New South Western Australiales,11/04/2020,10:00,2857,24
Australian Capital Territory,11/04/2020,16:00,,
Northern Territory,11/04/2020,17:00,28,
Australian Capital Territory,12/04/2020,12:35,102,2
South Australia,12/04/2020,6:00,429,4
Western Australia,12/04/2020,16:58,517,
Queensland,12/04/2020,11:42,983,4
Victoria,12/04/2020,11:41,1268,14
Tasmania,12/04/2020,,144,5
New South Western Australiales,12/04/2020,20:00,2863,26
Victoria,13/04/2020,11:00,1281,
Queensland,13/04/2020,,987,
Australian Capital Territory,13/04/2020,13:15,103,
Western Australia,13/04/2020,15:45,523,6
South Australia,13/04/2020,15:45,431,
Tasmania,13/04/2020,18:00,150,
Northern Territory,13/04/2020,16:00,28,
New South Western Australiales,13/04/2020,20:00,2870,25
Victoria,14/04/2020,8:30,1291,14
Queensland,14/04/2020,9:50,998,
Australian Capital Territory,14/04/2020,13:17,103,2
Western Australia,14/04/2020,16:55,527,
South Australia,14/04/2020,16:00,433,4
Tasmania,14/04/2020,18:00,165,6
New South Western Australiales,14/04/2020,20:00,2886,26
Queensland,15/04/2020,9:00,999,4
Australian Capital Territory,15/04/2020,13:04,103,3
Victoria,15/04/2020,13:08,1299,14
Western Australia,15/04/2020,15:58,532,6
Tasmania,15/04/2020,18:00,169,
South Australia,15/04/2020,,433,
Northern Territory,15/04/2020,,28,
New South Western Australiales,15/04/2020,20:00,2897,
Queensland,16/04/2020,10:30,1001,
Northern Territory,16/04/2020,10:45,28,
Australian Capital Territory,16/04/2020,13:20,103,
Western Australia,16/04/2020,17:00,535,
South Australia,16/04/2020,18:00,434,
Victoria,16/04/2020,18:00,1301,
Tasmania,16/04/2020,18:00,180,
New South Western Australiales,16/04/2020,20:00,2926,
Victoria,17/04/2020,10:30,1302,14
Australian Capital Territory,17/04/2020,12:50,103,3
Queensland,17/04/2020,13:40,1007,4
Tasmania,17/04/2020,14:15,,7
Northern Territory,17/04/2020,14:45,28,
South Australia,17/04/2020,16:00,435,4
Western Australia,17/04/2020,17:00,541,7
New South Western Australiales,17/04/2020,20:00,2936,
Australian Capital Territory,18/04/2020,16:00,103,3
Victoria,18/04/2020,10:05,1319,14
Tasmania,18/04/2020,11:25,,8
Queensland,18/04/2020,12:05,1014,4
New South Western Australiales,18/04/2020,12:40,,28
New South Western Australiales,18/04/2020,15:30,,29
New South Western Australiales,18/04/2020,20:00,2957,
South Australia,18/04/2020,20:00,435,
Victoria,19/04/2020,8:30,,15
Queensland,19/04/2020,6:00,1014,
Tasmania,19/04/2020,6:00,187,
Victoria,19/04/2020,6:00,1319,
Western Australia,19/04/2020,6:00,544,
Australian Capital Territory,19/04/2020,11:58,103,3
Victoria,19/04/2020,13:10,1328,15
Queensland,19/04/2020,13:32,1019,
Western Australia,19/04/2020,,545,7
New South Western Australiales,19/04/2020,20:00,2963,30
South Australia,19/04/2020,,435,4
Tasmania,19/04/2020,18:00,197,
Victoria,20/04/2020,12:50,1329,15
Australian Capital Territory,20/04/2020,13:50,104,
Northern Territory,20/04/2020,16:00,28,
Queensland,20/04/2020,16:40,1019,
Western Australia,20/04/2020,16:50,545,
South Australia,20/04/2020,16:50,435,
New South Western Australiales,20/04/2020,20:00,2969,30
Tasmania,20/04/2020,,200,
Victoria,21/04/2020,9:00,1336,
Australian Capital Territory,21/04/2020,12:55,104,3
Queensland,21/04/2020,16:00,1024,
Western Australia,21/04/2020,,546,
Tasmania,21/04/2020,,201,
New South Western Australiales,21/04/2020,18:15,,31
New South Western Australiales,21/04/2020,20:00,2971,33
South Australia,21/04/2020,,437,
Victoria,22/04/2020,,1336,15
Queensland,22/04/2020,,1024,4
Australian Capital Territory,22/04/2020,13:30,104,
Northern Territory,22/04/2020,15:15,28,
South Australia,22/04/2020,17:30,438,
Western Australia,22/04/2020,17:30,546,
New South Western Australiales,22/04/2020,20:00,2976,33
Victoria,23/04/2020,10:59,1337,16
Australian Capital Territory,23/04/2020,13:05,104,3
Queensland,23/04/2020,15:48,1026,
Western Australia,23/04/2020,16:22,546,
Tasmania,23/04/2020,18:00,205,
South Australia,23/04/2020,,438,
Northern Territory,23/04/2020,15:20,28,
New South Western Australiales,23/04/2020,20:00,2982,34
Victoria,24/04/2020,9:45,1343,
Tasmania,24/04/2020,9:45,,9
Western Australia,24/04/2020,,,8
Australian Capital Territory,24/04/2020,13:30,105,
Queensland,24/04/2020,13:45,1026,
Northern Territory,24/04/2020,16:20,28,
Western Australia,24/04/2020,,548,
New South Western Australiales,24/04/2020,17.35,,35
New South Western Australiales,24/04/2020,20:00,2994,
Tasmania,25/04/2020,,,10
Queensland,25/04/2020,12:50,1026,
Victoria,25/04/2020,13:00,1346,
Australian Capital Territory,25/04/2020,14:20,106,
Western Australia,25/04/2020,15:30,549,
South Australia,25/04/2020,16:00,438,
Tasmania,25/04/2020,17:30,209,
New South Western Australiales,25/04/2020,,,36
New South Western Australiales,25/04/2020,20:00,3002,36
Victoria,26/04/2020,11:25,1349,17
Australian Capital Territory,26/04/2020,12:32,106,3
Queensland,26/04/2020,12:35,1030,
Western Australia,26/04/2020,15:36,549,
New South Western Australiales,26/04/2020,20:00,3004,36
South Australia,26/04/2020,16:00,438,4
Victoria,27/04/2020,12:27,1349,17
Queensland,27/04/2020,12:55,1033,
Australian Capital Territory,27/04/2020,13:25,106,3
Tasmania,26/04/2020,,,11
Western Australia,27/04/2020,,549,8
New South Western Australiales,27/04/2020,20:00,3009,37
New South Western Australiales,28/04/2020,,,37
Northern Territory,28/04/2020,6:00,28,
Tasmania,28/04/2020,8:30,214,
Victoria,28/04/2020,12:39,1351,17
Australian Capital Territory,28/04/2020,13:30,106,
Western Australia,28/04/2020,16:20,550,
Tasmania,28/04/2020,17:30,217,
South Australia,28/04/2020,17:30,438,
New South Western Australiales,28/04/2020,17:30,,41
New South Western Australiales,28/04/2020,20:00,3016,41
Victoria,29/04/2020,10:00,1354,18
Queensland,29/04/2020,11:00,1033,
Northern Territory,29/04/2020,11:00,28,
Australian Capital Territory,29/04/2020,13:00,106,
New South Western Australiales,29/04/2020,16:15,,42
Tasmania,29/04/2020,17:00,220,
South Australia,29/04/2020,17:00,438,
Western Australia,29/04/2020,17:50,551,
New South Western Australiales,29/04/2020,20:00,3016,42
Victoria,30/04/2020,10:10,1361,
Australian Capital Territory,30/04/2020,13:40,106,3
Western Australia,30/04/2020,16:27,551,
Queensland,30/04/2020,17:17,1033,
Tasmania,30/04/2020,,221,13
New South Western Australiales,30/04/2020,20:00,3025,43
Victoria,1/05/2020,12:00,1364,
Australian Capital Territory,1/05/2020,13:00,106,
Queensland,1/05/2020,14:45,1033,
Western Australia,1/05/2020,21:30,551,
South Australia,1/05/2020,,438,
Tasmania,1/05/2020,,223,
New South Western Australiales,1/05/2020,20:00,3031,
Victoria,2/05/2020,11:00,1371,
Queensland,2/05/2020,14:20,1034,
Australian Capital Territory,2/05/2020,15:30,106,
Victoria,3/05/2020,10:49,1384,18
New South Western Australiales,2/05/2020,,,44
Queensland,3/05/2020,11:47,1035,
Western Australia,3/05/2020,14:37,551,9
New South Western Australiales,2/05/2020,20:00,3032,44
New South Western Australiales,3/05/2020,20:00,3033,44
Australian Capital Territory,4/05/2020,,107,3
New South Western Australiales,4/05/2020,,,45
Queensland,4/05/2020,14:38,1038,
Victoria,4/05/2020,15:09,1406,18
Western Australia,4/05/2020,17:00,551,
Northern Territory,4/05/2020,20:00,29,
South Australia,4/05/2020,20:00,438,
Tasmania,4/05/2020,20:00,223,
New South Western Australiales,5/05/2020,20:00,3035,
Queensland,5/05/2020,9:00,1040,
Victoria,5/05/2020,11:40,1423,
Australian Capital Territory,5/05/2020,13:34,107,3
Western Australia,5/05/2020,15:59,551,9
New South Western Australiales,5/05/2020,17:00,,46
South Australia,5/05/2020,17:30,438,
Tasmania,5/05/2020,20:00,223,
Northern Territory,5/05/2020,20:00,29,
New South Western Australiales,5/05/2020,20:00,3042,
Victoria,6/05/2020,9:00,1440,
Australian Capital Territory,6/05/2020,12:00,107,
Western Australia,6/05/2020,16:00,551,
Queensland,6/05/2020,18:20,1043,
New South Western Australiales,6/05/2020,20:00,3044,46
South Australia,6/05/2020,20:00,438,
Tasmania,6/05/2020,20:00,225,
Northern Territory,6/05/2020,20:00,29,
Queensland,7/05/2020,9:00,1045,
Northern Territory,7/05/2020,9:30,30,
Victoria,7/05/2020,10:00,1454,18
Australian Capital Territory,7/05/2020,12:22,107,3
South Australia,7/05/2020,15:45,439,
Western Australia,7/05/2020,17:51,551,
Queensland,7/05/2020,19:45,1045,
New South Western Australiales,7/05/2020,20:00,3047,
Tasmania,7/05/2020,20:15,226,
Northern Territory,8/05/2020,8:50,30,
Victoria,8/05/2020,11:00,1467,
Queensland,8/05/2020,12:54,1045,
Western Australia,8/05/2020,14:10,552,
Australian Capital Territory,8/05/2020,13:17,107,3
Victoria,8/05/2020,14:53,1467,18
Tasmania,8/05/2020,20:00,227,
South Australia,8/05/2020,20:00,439,
New South Western Australiales,8/05/2020,20:00,3051,
Australian Capital Territory,9/05/2020,12:45,107,
Victoria,9/05/2020,13:00,1477,
Western Australia,9/05/2020,13:15,552,
Queensland,9/05/2020,13:40,1045,
South Australia,9/05/2020,17:30,439,
New South Western Australiales,10/05/2020,12:30,3053,
Victoria,10/05/2020,12:30,1487,
Western Australia,10/05/2020,12:30,552,
Australian Capital Territory,10/05/2020,12:30,107,
New South Western Australiales,10/05/2020,20:00,3053,46
Australian Capital Territory,11/05/2020,13:24,107,
Queensland,11/05/2020,13:41,1045,
Northern Territory,11/05/2020,15:00,30,
Victoria,11/05/2020,16:13,1494,18
Western Australia,11/05/2020,17:59,552,
South Australia,11/05/2020,20:00,439,
Tasmania,11/05/2020,20:00,227,
New South Western Australiales,11/05/2020,20:00,3053,
Australian Capital Territory,12/05/2020,13:24,107,
Queensland,12/05/2020,14:47,1045,
Victoria,12/05/2020,16:50,1509,
Western Australia,12/05/2020,18:00,553,
New South Western Australiales,12/05/2020,20:00,3059,47
Australian Capital Territory,13/05/2020,12:25,107,
Victoria,13/05/2020,13:20,1514,
Queensland,13/05/2020,14:00,1045,
Western Australia,13/05/2020,14:53,553,
Northern Territory,13/05/2020,17:20,30,
New South Western Australiales,13/05/2020,20:00,3063,
South Australia,13/05/2020,20:00,439,
Tasmania,13/05/2020,20:00,227,
Australian Capital Territory,14/05/2020,13:28,107,
Victoria,14/05/2020,15:30,1523,
Western Australia,14/05/2020,15:50,554,
South Australia,14/05/2020,20:00,439,
Tasmania,14/05/2020,20:00,227,
New South Western Australiales,14/05/2020,20:00,3071,
Victoria,15/05/2020,,1543,18
Australian Capital Territory,15/05/2020,14:16,107,
Queensland,15/05/2020,18:15,1046,
Tasmania,15/05/2020,20:00,227,
South Australia,15/05/2020,20:00,439,
New South Western Australiales,15/05/2020,20:00,3074,
Victoria,16/05/2020,10:00,1554,
Queensland,16/05/2020,12:00,1047,
Australian Capital Territory,16/05/2020,12:45,107,
Western Australia,16/05/2020,16:40,556,
Tasmania,17/05/2020,12:00,228,
Queensland,17/05/2020,12:00,1055,
Australian Capital Territory,17/05/2020,12:20,107,
New South Western Australiales,17/05/2020,13:04,3075,
Western Australia,17/05/2020,15:27,557,
Victoria,17/05/2020,17:10,1567,
New South Western Australiales,17/05/2020,20:00,3076,
New South Western Australiales,18/05/2020,9:40,,48
Australian Capital Territory,18/05/2020,12:56,107,
Queensland,18/05/2020,15:07,1057,
Western Australia,18/05/2020,15:26,557,
Victoria,18/05/2020,15:37,1567,18
Northern Territory,18/05/2020,16:00,30,
Tasmania,18/05/2020,20:00,228,
South Australia,18/05/2020,20:00,439,
New South Western Australiales,18/05/2020,20:00,3078,
Victoria,19/05/2020,12:50,1573,
New South Western Australiales,19/05/2020,,,49
Australian Capital Territory,19/05/2020,13:10,107,
South Australia,19/05/2020,14:00,439,
Northern Territory,19/05/2020,16:00,30,
Queensland,19/05/2020,17:15,1057,
Tasmania,19/05/2020,18:00,228,
Western Australia,19/05/2020,18:30,557,
New South Western Australiales,19/05/2020,20:00,3081,49
Australian Capital Territory,20/05/2020,12:55,107,
Victoria,20/05/2020,13:45,1580,
South Australia,20/05/2020,15:00,439,
Northern Territory,20/05/2020,16:00,30,
Western Australia,20/05/2020,17:40,557,
Tasmania,20/05/2020,18:00,228,
Queensland,20/05/2020,18:30,1058,
New South Western Australiales,20/05/2020,20:00,3082,
Victoria,21/05/2020,12:15,1581,
Australian Capital Territory,21/05/2020,12:45,107,
Queensland,21/05/2020,14:30,1058,
Western Australia,21/05/2020,17:00,557,
New South Western Australiales,21/05/2020,20:00,3084,50
New South Western Australiales,22/05/2020,,,50
Victoria,22/05/2020,11:40,1593,18
Australian Capital Territory,22/05/2020,13:29,107,
South Australia,22/05/2020,15:00,439,
Western Australia,22/05/2020,17:00,557,
Queensland,22/05/2020,17:30,1058,
New South Western Australiales,22/05/2020,20:00,3086,50
Victoria,23/05/2020,12:47,1602,19
Western Australia,23/05/2020,13:07,560,
Queensland,23/05/2020,15:46,1060,
Victoria,24/05/2020,10:30,1603,
Australian Capital Territory,24/05/2020,13:30,107,
Western Australia,24/05/2020,13:40,560,
New South Western Australiales,24/05/2020,13:40,3087,
South Australia,24/05/2020,15:00,439,
Queensland,24/05/2020,16:30,1061,
Tasmania,24/05/2020,16:30,228,
New South Western Australiales,24/05/2020,20:00,3090,
Northern Territory,25/05/2020,8:30,30,
Victoria,25/05/2020,10:00,1605,
Australian Capital Territory,25/05/2020,14:15,107,
Queensland,25/05/2020,15:00,1056,
South Australia,25/05/2020,15:00,439,
Western Australia,25/05/2020,17:45,564,
Tasmania,25/05/2020,18:00,228,
Victoria,26/05/2020,11:15,1610,
New South Western Australiales,26/05/2020,11:40,3092,
Australian Capital Territory,26/05/2020,13:30,107,
South Australia,26/05/2020,15:00,440,
Northern Territory,26/05/2020,15:30,30,
Tasmania,26/05/2020,18:00,228,
Western Australia,26/05/2020,19:10,570,
New South Western Australiales,26/05/2020,20:00,3089,
Victoria,27/05/2020,13:00,1618,
Australian Capital Territory,27/05/2020,14:30,107,
South Australia,27/05/2020,15:00,440,
Queensland,27/05/2020,16:20,1058,
Tasmania,27/05/2020,18:00,228,
Western Australia,27/05/2020,18:14,570,
New South Western Australiales,27/05/2020,20:00,3090,
Victoria,28/05/2020,11:43,1628,
Australian Capital Territory,28/05/2020,14:32,107,
South Australia,28/05/2020,15:00,440,
Western Australia,28/05/2020,17:30,577,
Tasmania,28/05/2020,18:00,228,
New South Western Australiales,28/05/2020,20:00,3092,
Australian Capital Territory,29/05/2020,13:20,107,
Victoria,29/05/2020,14:50,1634,
Queensland,29/05/2020,15:00,1058,
Western Australia,29/05/2020,17:00,585,
New South Western Australiales,29/05/2020,20:00,3092,
Victoria,30/05/2020,10:42,1645,
Queensland,30/05/2020,13:30,1058,
South Australia,30/05/2020,15:00,440,
Western Australia,30/05/2020,15:45,586,
New South Western Australiales,30/05/2020,20:00,3095,
Victoria,31/05/2020,11:25,1649,
Australian Capital Territory,31/05/2020,12:30,107,
Queensland,31/05/2020,15:00,1058,
South Australia,31/05/2020,15:00,440,
Western Australia,31/05/2020,15:30,589,
Tasmania,31/05/2020,18:00,228,
New South Western Australiales,31/05/2020,20:00,3098,
Northern Territory,1/06/2020,8:00,30,
Victoria,1/06/2020,10:50,1653,
Australian Capital Territory,1/06/2020,12:30,107,
Western Australia,1/06/2020,13:40,591,
Queensland,1/06/2020,15:00,1058,
New South Western Australiales,2/06/2020,11:10,3104,
Victoria,2/06/2020,11:30,1663,
Queensland,2/06/2020,17:30,1059,
Western Australia,2/06/2020,17:30,591,
Tasmania,2/06/2020,17:30,228,
South Australia,2/06/2020,17:30,440,
Australian Capital Territory,2/06/2020,17:30,107,
New South Western Australiales,2/06/2020,20:00,3104,
Western Australia,3/06/2020,15:57,592,
New South Western Australiales,3/06/2020,20:00,3106,
Victoria,4/06/2020,15:10,1678,
Western Australia,4/06/2020,17:00,592,
Australian Capital Territory,4/06/2020,17:00,107,
Northern Territory,4/06/2020,17:00,29,
Queensland,4/06/2020,17:00,1060,
South Australia,4/06/2020,17:00,440,
Tasmania,4/06/2020,17:00,228,
Victoria,5/06/2020,10:27,1681,
New South Western Australiales,4/06/2020,20:00,3110,
Western Australia,5/06/2020,16:12,596,
New South Western Australiales,5/06/2020,20:00,3110,
Queensland,6/06/2020,12:00,1061,
Western Australia,6/06/2020,12:32,599,
Victoria,6/06/2020,14:00,1681,
South Australia,6/06/2020,15:00,440,
New South Western Australiales,6/06/2020,20:00,3109,
Victoria,7/06/2020,11:30,1685,
Queensland,7/06/2020,12:00,1061,
Australian Capital Territory,7/06/2020,13:00,108,
Western Australia,7/06/2020,15:00,599,
New South Western Australiales,7/06/2020,20:00,3112,
Northern Territory,8/06/2020,8:30,29,
Victoria,8/06/2020,10:30,1687,
Queensland,8/06/2020,12:00,1062,
Australian Capital Territory,8/06/2020,13:00,108,
South Australia,8/06/2020,15:00,440,
Western Australia,8/06/2020,17:00,599,
Tasmania,8/06/2020,18:00,228,
New South Western Australiales,8/06/2020,20:00,3114,
Victoria,9/06/2020,10:00,1687,
Western Australia,9/06/2020,16:38,599,
New South Western Australiales,9/06/2020,20:00,3117,
Victoria,10/06/2020,12:21,1691,
Western Australia,10/06/2020,16:45,601,
South Australia,10/06/2020,17:00,440,
Tasmania,10/06/2020,18:00,228,
New South Western Australiales,10/06/2020,20:00,3117,
Victoria,11/06/2020,11:00,1699,
Queensland,11/06/2020,12:00,1063,
Australian Capital Territory,11/06/2020,13:40,108,
Western Australia,12/06/2020,13:40,602,
Victoria,12/06/2020,15:04,1703,
New South Western Australiales,12/06/2020,11:00,3119,
Queensland,13/06/2020,16:30,1065,
Victoria,13/06/2020,16:41,1711,
New South Western Australiales,13/06/2020,20:00,3128,
Queensland,14/06/2020,12:00,1065,
Victoria,14/06/2020,12:50,1720,
Western Australia,14/06/2020,13:20,602,
New South Western Australiales,14/06/2020,20:00,3131,
Victoria,15/06/2020,12:40,1732,
Western Australia,15/06/2020,15:00,602,
New South Western Australiales,15/06/2020,20:00,3134,
Victoria,16/06/2020,11:30,1741,
Queensland,16/06/2020,12:00,1065,
Australian Capital Territory,16/06/2020,12:00,108,
Western Australia,16/06/2020,16:00,602,
South Australia,16/06/2020,17:00,440,
Tasmania,16/06/2020,18:00,228,
New South Western Australiales,16/06/2020,20:00,3135,
Northern Territory,17/06/2020,8:30,29,
Australian Capital Territory,17/06/2020,14:30,108,
Victoria,17/06/2020,14:45,1762,
Queensland,17/06/2020,15:00,1066,
South Australia,17/06/2020,15:00,440,
Western Australia,17/06/2020,17:00,602,
Tasmania,17/06/2020,18:00,228,
New South Western Australiales,17/06/2020,20:00,3137,
Queensland,18/06/2020,12:00,1066,
Victoria,18/06/2020,14:15,1780,
Western Australia,18/06/2020,14:45,603,
New South Western Australiales,18/06/2020,20:00,3143,
Western Australia,19/06/2020,13:03,603,
Victoria,19/06/2020,14:47,1792,
New South Western Australiales,19/06/2020,20:00,3144,
Western Australia,20/06/2020,12:00,604,
Victoria,20/06/2020,12:00,1817,
New South Western Australiales,20/06/2020,20:00,3149,
Queensland,21/06/2020,12:00,1066,
Australian Capital Territory,21/06/2020,12:30,108,
Victoria,21/06/2020,15:25,1836,
Western Australia,21/06/2020,17:00,605,
South Australia,21/06/2020,17:00,440,
Tasmania,21/06/2020,18:00,228,
New South Western Australiales,21/06/2020,20:00,3151,
Northern Territory,22/06/2020,8:30,29,
Victoria,22/06/2020,12:00,1847,
New South Western Australiales,22/06/2020,20:00,3159,
Northern Territory,23/06/2020,8:30,29,
Queensland,23/06/2020,12:00,1066,
Australian Capital Territory,23/06/2020,12:00,108,
Victoria,23/06/2020,14:16,1864,
Western Australia,23/06/2020,14:39,607,
South Australia,23/06/2020,15:00,440,
Tasmania,23/06/2020,18:00,228,
New South Western Australiales,23/06/2020,20:00,3159,
Victoria,24/06/2020,9:30,1884,20
Western Australia,24/06/2020,15:00,607,
South Australia,24/06/2020,15:00,440,
New South Western Australiales,24/06/2020,20:00,3162,51
Queensland,25/06/2020,12:00,1066,
Western Australia,25/06/2020,15:40,608,
Victoria,25/06/2020,16:15,1917,
New South Western Australiales,25/06/2020,20:00,3168,
Victoria,26/06/2020,12:50,1947,
Western Australia,26/06/2020,13:47,608,
Queensland,26/06/2020,12:00,1067,
New South Western Australiales,26/06/2020,20:00,3174,
Western Australia,27/06/2020,14:00,608,
Victoria,27/06/2020,15:20,1987,
New South Western Australiales,27/06/2020,20:00,3177,
Western Australia,28/06/2020,11:10,609,
Victoria,28/06/2020,14:15,2028,
New South Western Australiales,28/06/2020,20:00,3184,
Western Australia,29/06/2020,15:15,609,
South Australia,29/06/2020,15:15,443,
Victoria,29/06/2020,16:30,2099,
New South Western Australiales,29/06/2020,20:00,3189,
Victoria,30/06/2020,14:00,2159,
Western Australia,30/06/2020,14:30,611,
New South Western Australiales,30/06/2020,20:00,3203,
Victoria,1/07/2020,15:00,2231,
Western Australia,1/07/2020,15:29,611,
Australian Capital Territory,1/07/2020,15:31,108,
Queensland,1/07/2020,12:00,1067,
New South Western Australiales,1/07/2020,20:00,3211,
Northern Territory,2/07/2020,9:00,30,
Victoria,2/07/2020,14:25,2303,
New South Western Australiales,2/07/2020,20:00,3211,
Victoria,3/07/2020,11:00,2368,
Western Australia,3/07/2020,14:00,611,
New South Western Australiales,3/07/2020,11:00,3216,
Western Australia,4/07/2020,14:45,612,
Queensland,4/07/2020,17:00,1067,
Australian Capital Territory,4/07/2020,17:00,108,
Northern Territory,4/07/2020,17:30,31,
Victoria,4/07/2020,17:30,2469,
New South Western Australiales,4/07/2020,20:00,3230,
Western Australia,5/07/2020,14:58,618,
Victoria,5/07/2020,15:28,2536,21
New South Western Australiales,5/07/2020,20:00,3240,
Victoria,6/07/2020,15:30,2660,22
South Australia,6/07/2020,16:30,443,
Western Australia,6/07/2020,17:00,621,
New South Western Australiales,6/07/2020,20:00,3244,
Victoria,7/07/2020,13:00,2824,
Queensland,7/07/2020,14:00,1068,
New South Western Australiales,7/07/2020,20:00,3251,
Victoria,8/07/2020,14:00,2942,
New South Western Australiales,8/07/2020,14:00,3251,
Australian Capital Territory,8/07/2020,14:10,111,
Western Australia,8/07/2020,14:30,624,
New South Western Australiales,8/07/2020,20:00,3264,
Australian Capital Territory,9/07/2020,14:10,112,
Victoria,9/07/2020,14:15,3098,
Western Australia,9/07/2020,16:50,627,
New South Western Australiales,9/07/2020,20:00,3278,
Northern Territory,10/07/2020,9:00,32,
Australian Capital Territory,10/07/2020,13:40,113,
Victoria,10/07/2020,17:00,3379,
New South Western Australiales,10/07/2020,20:00,3285,
Victoria,11/07/2020,13:40,3560,23
Queensland,11/07/2020,13:40,1070,
Australian Capital Territory,11/07/2020,13:40,113,
Western Australia,11/07/2020,14:10,634,
Victoria,12/07/2020,11:08,3799,24
New South Western Australiales,11/07/2020,20:00,3289,
Western Australia,12/07/2020,14:27,635,
Australian Capital Territory,12/07/2020,16:34,113,
New South Western Australiales,12/07/2020,20:00,3303,
Queensland,13/07/2020,11:39,1071,
Australian Capital Territory,13/07/2020,14:16,113,
Western Australia,13/07/2020,14:23,635,
Victoria,13/07/2020,15:13,3967,
New South Western Australiales,13/07/2020,20:00,3316,
Victoria,14/07/2020,,4224,26
Australian Capital Territory,14/07/2020,13:00,113,
Western Australia,14/07/2020,14:16,636,
New South Western Australiales,14/07/2020,20:00,3328,
Victoria,15/07/2020,11:15,4448,27
Australian Capital Territory,15/07/2020,14:15,113,
Western Australia,15/07/2020,16:00,644,
New South Western Australiales,15/07/2020,20:00,3338,
Australian Capital Territory,16/07/2020,10:00,113,
Victoria,16/07/2020,11:00,4750,29
Western Australia,16/07/2020,14:20,646,
South Australia,16/07/2020,16:00,444,
New South Western Australiales,16/07/2020,20:00,3346,
Victoria,17/07/2020,11:45,5165,32
Western Australia,17/07/2020,17:00,648,
New South Western Australiales,17/07/2020,20:00,3361,
Victoria,18/07/2020,11:00,5353,35
Western Australia,18/07/2020,14:00,651,
New South Western Australiales,18/07/2020,20:00,3379,
Australian Capital Territory,19/07/2020,13:44,113,
Western Australia,19/07/2020,14:18,651,
Queensland,19/07/2020,12:00,1071,
South Australia,19/07/2020,,444,
Northern Territory,19/07/2020,9:00,32,
Victoria,19/07/2020,,5696,38
New South Western Australiales,19/07/2020,20:00,3399,
Northern Territory,20/07/2020,9:00,32,
Australian Capital Territory,20/07/2020,12:50,113,
Victoria,20/07/2020,14:00,5942,39
Queensland,20/07/2020,14:38,1072,
Western Australia,20/07/2020,15:22,651,
New South Western Australiales,20/07/2020,20:00,3410,
Northern Territory,21/07/2020,9:00,32,
Victoria,21/07/2020,11:00,6289,42
Australian Capital Territory,21/07/2020,12:11,113,
Western Australia,21/07/2020,17:00,651,
Queensland,21/07/2020,17:00,1072,
Tasmania,21/07/2020,18:00,229,
New South Western Australiales,21/07/2020,20:00,3425,
Northern Territory,22/07/2020,9:00,32,
Victoria,22/07/2020,11:00,6739,44
Australian Capital Territory,22/07/2020,14:05,113,
Queensland,22/07/2020,15:26,1073,
Western Australia,22/07/2020,17:32,651,
South Australia,22/07/2020,17:00,446,
Tasmania,22/07/2020,17:00,229,
New South Western Australiales,22/07/2020,20:00,3444,
Victoria,23/07/2020,11:05,7125,49
Queensland,23/07/2020,12:00,1074,
Australian Capital Territory,23/07/2020,12:30,113,
Western Australia,23/07/2020,15:30,654,
South Australia,23/07/2020,17:00,447,
New South Western Australiales,23/07/2020,20:00,3451,
Queensland,24/07/2020,12:00,1076,
Australian Capital Territory,24/07/2020,13:45,113,
Victoria,24/07/2020,16:00,7405,56
New South Western Australiales,24/07/2020,20:00,3465,
Victoria,25/07/2020,12:45,7744,61
Western Australia,25/07/2020,15:00,656,
New South Western Australiales,25/07/2020,20:00,3479,
Victoria,26/07/2020,11:25,8181,71
Australian Capital Territory,26/07/2020,12:19,113,
Western Australia,26/07/2020,14:10,658,
Australian Capital Territory,27/07/2020,11:38,113,
Western Australia,27/07/2020,13:33,658,
Victoria,27/07/2020,15:30,8696,77
New South Western Australiales,27/07/2020,20:00,3510,
Victoria,28/07/2020,11:45,9049,83
Australian Capital Territory,28/07/2020,12:45,113,
Western Australia,28/07/2020,15:00,659,
New South Western Australiales,28/07/2020,20:00,3529,
Victoria,29/07/2020,12:00,9304,92
Western Australia,29/07/2020,13:30,661,
Queensland,29/07/2020,16:20,1079,
New South Western Australiales,29/07/2020,20:00,3547,
Victoria,30/07/2020,11:00,9998,105
Western Australia,30/07/2020,15:30,665,
Queensland,30/07/2020,16:46,1082,
South Australia,30/07/2020,17:00,449,
New South Western Australiales,30/07/2020,20:00,3567,
Victoria,31/07/2020,11:00,10577,113
Queensland,31/07/2020,13:00,1083,
Western Australia,31/07/2020,16:30,666,
Northern Territory,31/07/2020,16:30,33,
South Australia,31/07/2020,17:00,450,
New South Western Australiales,31/07/2020,20:00,3567,52
Northern Territory,1/08/2020,9:45,34,
Victoria,1/08/2020,11:30,10931,116
Queensland,1/08/2020,12:00,1084,
Western Australia,1/08/2020,15:00,668,
Queensland,2/08/2020,12:30,1085,
New South Western Australiales,2/08/2020,12:30,3595,
Australian Capital Territory,2/08/2020,13:20,113,
Western Australia,2/08/2020,14:10,641,
Victoria,2/08/2020,15:06,11557,123
South Australia,2/08/2020,21:00,453,
New South Western Australiales,2/08/2020,20:00,3608,
Australian Capital Territory,3/08/2020,12:16,113,
Western Australia,3/08/2020,13:52,641,
Victoria,3/08/2020,15:13,11937,136
South Australia,3/08/2020,17:00,455,
New South Western Australiales,3/08/2020,20:00,3620,
Victoria,4/08/2020,11:15,12335,147
Australian Capital Territory,4/08/2020,12:29,113,
Western Australia,4/08/2020,15:03,641,
South Australia,4/08/2020,17:00,456,
New South Western Australiales,4/08/2020,20:00,3631,
Victoria,5/08/2020,12:00,13035,162
Queensland,5/08/2020,12:00,1088,
Western Australia,5/08/2020,15:00,642,
South Australia,5/08/2020,17:00,456,
New South Western Australiales,5/08/2020,20:00,3643,
Australian Capital Territory,6/08/2020,11:43,113,
Victoria,6/08/2020,12:30,13469,170
Western Australia,6/08/2020,14:19,642,
New South Western Australiales,6/08/2020,20:00,3653,
Australian Capital Territory,7/08/2020,11:59,113,
Victoria,7/08/2020,12:35,13867,181
Western Australia,7/08/2020,14:00,642,
South Australia,7/08/2020,17:00,459,
New South Western Australiales,7/08/2020,20:00,3662,
Victoria,8/08/2020,11:15,14283,193
Queensland,8/08/2020,13:00,1088,
Western Australia,8/08/2020,14:30,642,
New South Western Australiales,9/08/2020,11:00,3672,
Victoria,9/08/2020,11:45,14569,210
Australian Capital Territory,9/08/2020,12:36,113,
New South Western Australiales,9/08/2020,20:00,3686,
Victoria,10/08/2020,9:20,14957,228
Australian Capital Territory,10/08/2020,13:59,113,
Western Australia,10/08/2020,17:01,642,
Queensland,10/08/2020,17:23,1089,
New South Western Australiales,10/08/2020,20:00,3708,
Victoria,11/08/2020,8:55,15251,246
Australian Capital Territory,11/08/2020,14:55,113,
Western Australia,11/08/2020,15:06,642,
New South Western Australiales,11/08/2020,20:00,3726,
Victoria,12/08/2020,9:00,15646,267
Tasmania,12/08/2020,17:00,230,
New South Western Australiales,12/08/2020,20:00,3738,53
Victoria,13/08/2020,9:00,15863,275
Australian Capital Territory,13/08/2020,12:55,113,
Western Australia,13/08/2020,13:43,644,
New South Western Australiales,13/08/2020,20:00,3747,
Victoria,14/08/2020,8:54,16234,289
Australian Capital Territory,14/08/2020,14:16,113,
Queensland,14/08/2020,14:30,1092,
Western Australia,14/08/2020,14:51,645,
New South Western Australiales,14/08/2020,20:00,3756,
Victoria,15/08/2020,8:55,16517,293
Australian Capital Territory,15/08/2020,12:24,113,
Western Australia,15/08/2020,14:30,646,
New South Western Australiales,15/08/2020,20:00,3761,54
Australian Capital Territory,16/08/2020,12:00,113,
Victoria,16/08/2020,12:00,16764,309
Northern Territory,16/08/2020,12:30,34,
Western Australia,16/08/2020,14:30,646,
South Australia,16/08/2020,15:00,461,
New South Western Australiales,16/08/2020,20:00,3768,
Victoria,17/08/2020,8:30,17027,334
Western Australia,17/08/2020,15:00,646,
New South Western Australiales,17/08/2020,20:00,3770,
Victoria,18/08/2020,9:00,17238,351
Western Australia,18/08/2020,14:17,647,
New South Western Australiales,18/08/2020,20:00,3777,
Victoria,19/08/2020,8:54,17446,363
Queensland,19/08/2020,12:00,1092,
Western Australia,19/08/2020,14:50,651,
New South Western Australiales,19/08/2020,20:00,3782,
Victoria,20/08/2020,9:30,17683,376
Queensland,20/08/2020,12:00,1093,
New South Western Australiales,20/08/2020,20:00,3783,
Victoria,21/08/2020,9:00,17852,385
Australian Capital Territory,21/08/2020,11:52,113,
New South Western Australiales,21/08/2020,20:00,3792,
Victoria,22/08/2020,9:31,18034,398
Australian Capital Territory,22/08/2020,12:00,113,
Western Australia,22/08/2020,13:54,651,
New South Western Australiales,22/08/2020,20:00,3796,
Victoria,23/08/2020,10:10,18231,415
Australian Capital Territory,23/08/2020,11:56,113,
Western Australia,23/08/2020,13:10,652,
Queensland,23/08/2020,14:20,1105,
South Australia,23/08/2020,17:00,463,
New South Western Australiales,23/08/2020,20:00,3799,
Victoria,24/08/2020,9:16,18330,430
Western Australia,24/08/2020,16:00,653,
Queensland,24/08/2020,16:00,1106,
New South Western Australiales,24/08/2020,20:00,3802,54
Victoria,25/08/2020,8:54,18464,438
Australian Capital Territory,25/08/2020,13:06,113,
New South Western Australiales,25/08/2020,20:00,3808,
Victoria,26/08/2020,9:09,18608,462
Australian Capital Territory,26/08/2020,12:41,113,
Western Australia,26/08/2020,13:18,653,
Queensland,26/08/2020,14:00,1108,
Victoria,27/08/2020,9:00,18714,485
New South Western Australiales,26/08/2020,20:00,3817,
Victoria,28/08/2020,10:20,18822,496
New South Western Australiales,27/08/2020,20:00,3830,
Australian Capital Territory,28/08/2020,12:00,113,
Western Australia,28/08/2020,14:36,655,
New South Western Australiales,28/08/2020,20:00,3844,
Victoria,29/08/2020,8:29,18903,513
Western Australia,29/08/2020,15:23,655,
New South Western Australiales,29/08/2020,20:00,3851,
Victoria,30/08/2020,11:00,19015,524
Western Australia,30/08/2020,13:30,655,
New South Western Australiales,30/08/2020,20:00,3861,
Victoria,31/08/2020,10:30,19080,565
Queensland,31/08/2020,12:00,1122,
Western Australia,31/08/2020,13:30,655,
New South Western Australiales,31/08/2020,20:00,3874,
Victoria,1/09/2020,9:00,19138,570
Western Australia,1/09/2020,13:18,655,
Queensland,1/09/2020,13:30,1124,
New South Western Australiales,1/09/2020,20:00,3890,
Victoria,2/09/2020,8:30,19224,576
Queensland,2/09/2020,12:00,1126,
New South Western Australiales,2/09/2020,20:00,3902,
Victoria,3/09/2020,11:00,19336,591
Queensland,3/09/2020,12:00,1128,
New South Western Australiales,3/09/2020,20:00,3910,
Victoria,4/09/2020,10:00,19415,650
New South Western Australiales,4/09/2020,20:00,3915,
Victoria,5/09/2020,16:00,19479,661
Queensland,5/09/2020,12:00,1129,
South Australia,5/09/2020,17:00,464,
New South Western Australiales,5/09/2020,20:00,3925,
Victoria,6/09/2020,9:00,19538,666
Queensland,6/09/2020,12:00,1131,
Western Australia,6/09/2020,13:00,656,
New South Western Australiales,6/09/2020,20:00,3929,
Victoria,7/09/2020,9:00,19574,675
Queensland,7/09/2020,12:00,1133,
New South Western Australiales,7/09/2020,20:00,3937,
Western Australia,7/09/2020,15:00,657,
Victoria,8/09/2020,8:50,19615,683
Australian Capital Territory,8/09/2020,14:26,113,
Queensland,8/09/2020,15:10,1134,
Western Australia,8/09/2020,15:24,658,
South Australia,8/09/2020,17:00,465,
New South Western Australiales,8/09/2020,20:00,3946,
Victoria,9/09/2020,8:20,19688,694
Queensland,9/09/2020,9:45,1143,
New South Western Australiales,9/09/2020,20:00,3953,
Victoria,10/09/2020,8:30,19728,701
Australian Capital Territory,10/09/2020,12:15,113,
New South Western Australiales,10/09/2020,20:00,3963,
Western Australia,10/09/2020,14:10,659,
Victoria,11/09/2020,10:00,19767,710
Australian Capital Territory,11/09/2020,13:00,113,
New South Western Australiales,11/09/2020,20:00,3968,
Victoria,12/09/2020,12:50,19800,716
Queensland,12/09/2020,13:40,1149,
New South Western Australiales,12/09/2020,20:00,3977,
Victoria,13/09/2020,14:30,19835,723
New South Western Australiales,13/09/2020,20:00,3981,
Victoria,14/09/2020,9:00,19872,729
Australian Capital Territory,14/09/2020,15:36,113,
Western Australia,14/09/2020,14:47,659,
New South Western Australiales,14/09/2020,20:00,3987,
Victoria,15/09/2020,8:31,19911,
Queensland,15/09/2020,12:00,1150,
Western Australia,15/09/2020,13:03,659,
Australian Capital Territory,15/09/2020,13:07,113,
New South Western Australiales,15/09/2020,20:00,3996,
Victoria,16/09/2020,14:26,19943,737
Western Australia,16/09/2020,15:30,660,
New South Western Australiales,16/09/2020,20:00,4001,
Victoria,17/09/2020,9:00,19970,745
Australian Capital Territory,17/09/2020,14:05,113,
Western Australia,17/09/2020,13:07,661,
New South Western Australiales,17/09/2020,20:00,4007,
Victoria,18/09/2020,10:13,20012,750
Western Australia,18/09/2020,15:32,661,
New South Western Australiales,18/09/2020,20:48,4009,
Victoria,19/09/2020,14:54,20034,757
New South Western Australiales,19/09/2020,20:00,4011,55
Victoria,20/09/2020,10:00,20042,761
Western Australia,20/09/2020,13:00,662,
New South Western Australiales,20/09/2020,20:00,4015,
Victoria,21/09/2020,9:00,20051,763
Australian Capital Territory,21/09/2020,12:00,113,
Queensland,21/09/2020,12:00,1153,
Western Australia,21/09/2020,15:40,662,
New South Western Australiales,21/09/2020,20:00,4017,
Victoria,22/09/2020,8:59,20076,766
Western Australia,22/09/2020,16:30,665,
New South Western Australiales,22/09/2020,21:40,4023,
Victoria,23/09/2020,8:15,20100,771
New South Western Australiales,23/09/2020,20:00,4024,
Victoria,24/09/2020,9:00,20105,773
Queensland,24/09/2020,12:00,1153,
South Australia,24/09/2020,17:00,468,
Western Australia,24/09/2020,19:00,668,
New South Western Australiales,24/09/2020,20:00,4028,
Victoria,25/09/2020,9:00,20118,781
New South Western Australiales,26/09/2020,11:00,4029,
Queensland,26/09/2020,12:22,1156,
Victoria,26/09/2020,17:11,20129,782
Western Australia,26/09/2020,19:42,669,
New South Western Australiales,26/09/2020,20:00,4029,
Queensland,27/09/2020,11:46,1157,
Western Australia,27/09/2020,13:26,676,
Victoria,27/09/2020,14:42,20145,784
New South Western Australiales,27/09/2020,20:00,4029,
Victoria,28/09/2020,8:36,20149,787
Western Australia,28/09/2020,14:06,676,
New South Western Australiales,28/09/2020,20:00,4031,
Victoria,29/09/2020,9:00,20158,794
Western Australia,29/09/2020,17:30,684,
New South Western Australiales,29/09/2020,20:00,4035,
Victoria,30/09/2020,8:30,20171,798
Western Australia,30/09/2020,16:19,684,
New South Western Australiales,30/09/2020,20:00,4038,
Victoria,1/10/2020,9:00,20183,800
Western Australia,1/10/2020,14:00,685,
New South Western Australiales,1/10/2020,20:00,4042,
Victoria,2/10/2020,9:00,20191,802
New South Western Australiales,2/10/2020,20:00,4043,
Victoria,3/10/2020,13:00,20197,805
New South Western Australiales,3/10/2020,20:00,4045,
Western Australia,3/10/2020,13:30,686,
Victoria,4/10/2020,8:50,20209,806
Western Australia,4/10/2020,14:14,686,
New South Western Australiales,4/10/2020,20:00,4046,
Victoria,5/10/2020,14:26,20220,
Western Australia,5/10/2020,15:42,687,
New South Western Australiales,5/10/2020,20:00,4057,
Victoria,6/10/2020,16:00,20233,807
Queensland,6/10/2020,12:00,1160,
South Australia,6/10/2020,17:00,472,
New South Western Australiales,6/10/2020,20:00,4060,
Victoria,7/10/2020,10:00,20237,809
Western Australia,7/10/2020,14:30,688,
Australian Capital Territory,7/10/2020,16:15,113,
New South Western Australiales,7/10/2020,20:00,4072,
Victoria,8/10/2020,8:31,20247,
Australian Capital Territory,8/10/2020,13:33,113,
Western Australia,8/10/2020,13:40,690,
New South Western Australiales,8/10/2020,20:00,4082,
Victoria,9/10/2020,15:00,20257,
Western Australia,9/10/2020,17:29,692,
New South Western Australiales,9/10/2020,20:00,4084,
Victoria,10/10/2020,15:00,20269,
New South Western Australiales,10/10/2020,20:00,4088,
Australian Capital Territory,11/10/2020,12:56,113,
Western Australia,11/10/2020,15:08,694,
Victoria,11/10/2020,15:36,20281,810
Victoria,12/10/2020,8:40,20295,
New South Western Australiales,12/10/2020,12:19,4094,
